9,-99.87958448166205,-46.62786072665233,110.2274411939856
10,-2.712813856325795,-0.6323233142687172,2.7855325869285763
11,-0.7419990474840006,-0.17568103075313957,0.762513220235328
12,-0.20661837161202357,-0.1080683060997103,0.23317356254701121
13,-0.04387503495263445,0.0746333155392449,0.08657453713693992
14,-0.5168083781975383,-0.023076133526672038,0.5173233106227774
15,-0.40034851149766837,0.0832681909973303,0.4089162778495943
16,-0.3793060169804221,0.05954226651903127,0.3839509552270649
17,-0.73308286005539,-0.012611038299098709,0.7331913242762573
18,-1.312422745450192,-0.2648392891512117,1.3388776313962147
19,0.025846581402106494,0.04688007465779265,0.053533047457583895
20,0.08683709442146892,-0.05432058636455395,0.10242756987526391
21,0.4316617950661339,0.01911984517238352,0.4320850307510466
22,0.4014330572705376,-0.01336103947033962,0.401655345844293
23,0.4430888476777568,-0.025050790597504147,0.4437964274821986
24,-0.0228013029315548,0.032030401737188186,0.03931724876974733
25,-0.4072369737837107,0.00607095982275041,0.40728222324290575
26,-0.5511647634584165,0.0009640021751238237,0.5511656064907949
27,-0.24318553960659983,0.0747627857522275,0.2544183185369847
28,-0.5926148850218738,0.12610940108424984,0.6058844634014945
29,-0.15339035105290577,-0.008545981385736923,0.15362823176089424
30,0.6603854341302622,0.04781020954669657,0.6621138404748189
31,0.41049173822813145,-0.0013800287046024096,0.4104940579749947
32,0.29485430992821193,-0.038974307439787026,0.297418998592311
33,0.0943885863240439,-0.02528510915607285,0.09771664123006893
34,-0.10250697015402466,0.009991315873662643,0.10299274403105009
35,-0.38147923334435063,0.03413285264076649,0.3830032076920372
36,-0.28741320087976874,-0.15536115847481824,0.326716142243679
37,-0.24641573330001165,-0.09569995944235643,0.26434673414863885
38,-0.35190166783922905,-0.0319443103244339,0.35334858538012404
39,0.35190166783922905,0.0319443103244339,0.35334858538012404
40,0.3782600778777123,-0.019201738085655506,0.37874713630806917
41,0.21309750176396847,0.08285497315205248,0.2286383428781618
42,0.5279397388954976,0.040451235242755956,0.5294871767453022
43,0.06980421248618995,-0.023237039622983957,0.07357029353793067
44,-0.045061457418796635,0.023039215686253556,0.050609686860755565
45,-0.1920805554914864,-0.04214322514167179,0.19664941195757393
46,-0.5675047984956336,0.014488125246828076,0.5676897058153666
47,-0.21254711083651046,-0.0747503983869251,0.22530844720949075
48,0.13341805078272273,0.0911786464299098,0.1615980254812901
49,0.34007528287617106,0.008148107032468488,0.34017288203429785
50,0.41207815275311077,-0.005328596802826269,0.4121126034475325
51,0.5730418121677303,-0.04382879433484277,0.5747154789157173
52,0.17477941491301863,-0.021552538882417593,0.17610325326244045
53,0.0,0.0,0.0
54,-0.6193812025686043,-0.09924109748976662,0.6272813320403404
55,-0.36634988188575335,0.06956501725159114,0.3728961351139478
56,-0.33163475724603586,0.06977554985820689,0.33889561751614944
57,-0.09576468520714343,0.1768990817626559,0.20115705322283406
58,-0.010764885426681303,-0.05575600200450026,0.05678568937483645
59,0.6241181897113393,0.01266867448089215,0.624246754129857
60,0.10353843703546772,0.002404526792645356,0.1035663540578892
61,0.5544056229414878,-0.04727909426668475,0.5564179252179221
62,0.30151489338368265,0.11588953967685711,0.32301952934565326
63,-0.24023349546740747,0.06345885439537824,0.2484736576493828
64,-0.8079641857902402,-0.023685300876934434,0.8083112760547861
65,-0.5223032128409386,-0.10622523874513945,0.5329957293360132
66,-0.26560693592841744,0.07312715924990698,0.2754897926117113
67,-0.23665290472030165,-0.038273134357439176,0.2397278250977528
68,0.40882082632526817,-0.1787743106489188,0.4462003162092909
69,-0.04514227610809485,-0.20628874333527847,0.21117024108303675
70,0.5783779415227173,-0.0034453193904369073,0.5783882030831523
71,0.24386006726518872,0.02512027400405259,0.24515048556472624
72,-0.037823922665722876,0.003277425342901097,0.03796565082677861
73,0.0,0.0,0.0
74,-0.3603842502055272,0.011579585069341647,0.3605702353031628
75,-0.4775737184982063,-0.018804645979798806,0.47794379513770185
76,-0.2169010354598413,0.03267392283044046,0.2193482263814342
77,-0.2061975209916227,-0.009796081567344572,0.2064300871413001
78,0.35203036019521505,-0.05267245883925398,0.35594910088290116
79,0.45234122450420955,0.0701587976370206,0.4577497572602744
80,0.5699716900388694,0.07991591659379083,0.5755469408925659
81,0.1606013798785284,-0.0007463308668320678,0.1606031140067034
82,-0.26846838798059025,-0.021586904513696936,0.26933486553244496
83,0.23137026326691057,0.11789583963968653,0.2596760052999626
84,-0.07350524331542374,0.1631082886477202,0.1789059379127693
85,-0.34071287128716676,0.010178217821760427,0.3408648658614916
86,0.0,0.0,0.0
87,0.06690196078432109,0.15827450980395952,0.17183332857880196
88,0.11579541605505028,-0.08825787512705574,0.14559543571590822
89,0.3864720831234081,-0.09838907415547737,0.39879954983289345
90,0.18703857786226763,-0.0966724777791228,0.21054452633277965
91,0.0,0.0,0.0
92,-0.5677581256985036,0.013155051996989187,0.5679105076415837
93,0.3796448307966216,0.23374544007293707,0.4458330722428367
94,-0.8847045121126484,-0.17443957910637664,0.9017379001191472
95,-0.7467714944270938,-0.16800858829844856,0.7654374896952151
96,0.016339869281068786,-0.04248366013075611,0.04551760874901065
97,0.1569249922191034,-0.06704014939305125,0.1706453480573329
98,0.502623758788161,0.3200768282960098,0.5958857431675747
99,0.47490247939384744,-0.013886904073331152,0.47510547359419636
100,-0.3342096343510548,-0.4800190591712976,0.5849054426663881
101,-0.2529888196007164,0.04159594356906382,0.25638557947818474
102,-0.10893210283455801,0.15967491882128115,0.193293255776143
103,-0.17798187408965305,0.22058285830740942,0.2834331400586949
104,0.11334156612593915,-0.05678850015101489,0.1267724116725814
105,0.048389543925338785,-0.1405454455269819,0.14864242402383018
106,0.15413124807275835,-0.004885875035597564,0.15420866839231073
107,0.16078141315693983,-0.04172757860544607,0.16610795776547332
108,0.18756269949841453,0.12148882808941153,0.22347103077059258
109,0.0,0.0,0.0
110,-0.0823163152304005,-0.11538352882683967,0.1417368493993175
111,-0.18024638426800266,0.027718230149218925,0.18236518122792394
112,-0.24889110283288574,0.14187891651505424,0.2864898043925051
113,-0.34277556383381125,0.010572063877134497,0.3429385596520307
114,0.04693591300826938,0.007339927121279288,0.047506362311437005
115,0.21979746673417822,-0.01480599046971065,0.22029558265328733
116,0.36353513715988583,-0.392737578939375,0.5351640887251486
117,0.0,0.0,0.0
118,-0.10938963437581606,0.26103422820943933,0.2830281971920331
119,-0.05568280409511317,0.12446353172543922,0.13635155078496236
120,-0.1323185414516388,0.027932576539342335,0.1352347042885637
121,-0.2005774529874884,-0.002692909032816715,0.20059552937692093
122,-0.03420575750425314,-0.0002483692121018066,0.03420665920117442
123,-0.012820512820553631,0.019230769230773603,0.02311250817607749
124,0.10767979845587661,-0.0039855009222264925,0.1077535299333589
125,0.21594078020882534,-0.04680124910794348,0.22095424294468755
126,0.2620297867191539,0.039338851173909006,0.26496632680355486
127,0.3551719115588412,-0.07359136511274755,0.36271583337306773
128,-0.002699818521080033,-9.904659668791282e-05,0.0027016347412413535
129,-0.10643428851886938,0.07910956318198714,0.13261440630400134
130,-0.29035770549529616,-0.0006116207951549768,0.29035834966553004
131,-0.09394874672653941,-0.07489711934152865,0.12014967955490616
132,-0.24615226337448348,0.05711934156380494,0.25269261157592976
133,-0.022235371466138076,0.00617357001971186,0.02307649694007807
134,0.060465518403532315,-0.010651034110878754,0.06139644487622233
135,0.20061882179180657,0.04906828245441375,0.2065323412934613
136,0.08123039635017903,-0.118777326299778,0.1438972916149957
137,0.018728222996514887,-0.2021752806813879,0.20304085907817956
138,-0.17518956302308197,0.19249648847147682,0.2602811577238503
139,-0.04538799414348205,0.062469497315760236,0.07721727855378313
140,-0.22400395512261184,-0.07164851316161958,0.23518350569043714
141,0.0,0.0,0.0
142,-0.07958742567529953,-0.05931480530665567,0.09925927893243933
143,0.054826607653524206,-0.030215326347558857,0.06260130072996059
144,0.005898451267796645,0.02209483133952972,0.02286860947414242
145,0.02877697841728377,0.008633093525190816,0.030044047507676253
146,0.17505299098888827,0.01748754842276412,0.1759243132827135
147,0.009945330700077193,-0.03093203093203556,0.032491539518993286
148,0.019082245497315853,-0.030509672019036316,0.03598572188978565
149,0.02070690769386374,-0.10607462951367097,0.10807683865058577
150,-0.2265146440773833,0.06392217435126213,0.2353612719954088
151,-0.23908018491948724,0.04921750028859151,0.24409362375079305
152,0.0,0.0,0.0
153,0.0,0.0,0.0
154,0.17441583214116463,-0.013705951030203778,0.17495352410036574
155,0.15416130614818258,0.0002353482021248965,0.15416148579359865
156,0.0,0.0,0.0
157,0.0,0.0,0.0
158,0.08105303680474663,0.14775360860062392,0.16852514242622071
159,-0.2687512364539657,0.07952725327703547,0.28027096016056524
160,0.05273258892947297,-0.02115658588616043,0.05681836905053908
161,0.08026981984119175,0.00048618224826668666,0.0802712921941332
162,0.2433383609853763,0.049773755656076446,0.24837669914700153
163,0.25826449139992746,0.052896434979516016,0.2636258339988806
164,0.4085328942209685,-0.0024590292479729214,0.4085402948124009
165,0.03705305447243745,-0.003478671865764227,0.03721599123612156
166,-0.05518229802220276,-0.15469849883481857,0.16424588748811206
167,-0.40532206996289233,0.17321413782343598,0.4407823929570237
168,-0.2921257065423788,-0.068356335601095,0.3000166946016397
169,-0.005364193203206469,0.05242349605794061,0.05269722485727537
170,0.0,0.0,0.0
171,0.045818066298977556,-0.059875303798548885,0.07539460991573618
172,0.4134793325662258,-0.01754007949421066,0.41385119650434116
173,0.010275122202472176,-0.16854664539141595,0.16885955646327944
174,0.0,0.0,0.0
175,0.0,0.0,0.0
176,-0.37578668117168945,0.010978148673018495,0.3759470035714075
177,-0.35709128906620435,-0.06124251923625934,0.3623048921686914
178,0.47040400906365676,0.224201995129647,0.521101205490138
179,-0.037564090576154285,-0.017037573830748443,0.041247300794739615
180,-0.12988703852926164,-0.16213030113112836,0.20774233396872258
181,0.5856279429334563,-0.05123691053483981,0.5878650427994735
182,0.1788840911015086,0.12584878503093933,0.21871770560011003
183,0.03671249293194023,-0.048553898608361123,0.060871078578819134
184,-0.38557591246814127,-0.05689430970323883,0.3897508778081812
185,-0.11876875144241694,-0.10398527159429705,0.15785738192346385
186,-0.24814597970333807,0.06546377120145053,0.25663579754750765
187,-0.23538115207963983,-0.004631192927035954,0.23542670770808047
188,0.0,0.0,0.0
189,0.0472572905131301,-0.002427094868949098,0.04731957624646754
190,0.5532396477422026,0.005991193554393703,0.553272086982637
191,0.21950059249803644,0.015104902541679621,0.2200196995447969
192,0.0,0.0,0.0
193,-0.07852711926943812,0.07806014205334577,0.11072440669583684
194,-0.5617524073453524,0.13777757586422013,0.5784016144248905
195,0.03069174115489659,0.15309018008014164,0.15613643460797152
196,-0.3933985869884964,-0.0012405904369643395,0.39340054309720757
197,0.12477524919449934,0.023990918098832026,0.1270607215577429
198,0.00974438728712812,-0.028372612353962268,0.02999930358174597
199,0.20487061687674668,-0.0377154749283477,0.2083132898029541
200,0.5007280519077995,-0.10334798471916429,0.5112821020854266
201,0.20260953020209627,0.02314544951394737,0.20392727517896386
202,-0.3163524582881223,-0.034939024029085886,0.3182760017108472
203,-0.3616566501715397,0.00472374668510156,0.36168749825788066
204,-0.19026624559410266,-0.012161279067015585,0.19065450668951214
205,-0.19345238095240802,0.05952380952379599,0.20240283495144218
206,0.1574342199342027,-0.020542864292849572,0.15876883472408979
207,0.38405857993490145,-0.015104942940013188,0.3843555022668911
208,0.12932223603962711,-0.05921433310834345,0.1422342363137472
209,0.1490845906085383,-0.9082132564841459,0.9203681515624345
210,0.03772089082548291,-5.523251028806612,5.523379834197352
211,1.0252791383095428,-1.4868777478155266,1.8061015332482644
212,0.7538312394549394,-0.15499149829196313,0.769599832459024
213,0.6282808163586537,-2.2086619600429174,2.296284920898301
214,0.4257668873299849,-0.6640338569970368,0.7888082185075312
215,-1.4973723603314397,2.4248315958299997,2.84990039363133
216,-4.136612907096776,6.011900904792753,7.297569378375759
217,-3.8570056098453165,2.0333353938825667,4.360154251674339
218,-2.0765861342206904,-0.36625180255128953,2.108637084874896
219,0.59059273104873,-1.7946085150571207,1.889290738950234
220,2.727796304682954,-0.7841912891523748,2.838279171932254
221,3.982915979017548,0.7931832850354681,4.061127850680519
222,3.873824397015426,0.9813812250563956,3.9962012671792597
223,2.2404397597189245,-0.1735180777513392,2.2471490471786493
224,0.21709143457695745,-1.135879203888578,1.156438609176134
225,-1.9809437290152232,-0.6622552222789295,2.0887125309530874
226,-4.272646318929674,0.6744807319842607,4.325555550964675
227,-3.9658619345667603,1.5616923065165906,4.262269787833557
228,-2.2794247155029552,0.4478526905701301,2.3230043190008565
229,-0.41182293793883673,-0.84957504327366,0.9441270499069583
230,1.9029559428649918,-1.095471481083223,2.195745678887211
231,3.541141551801786,-0.04964871477437782,3.5414895855806083
232,4.116101255366004,0.63447534907624,4.164714697672701
233,2.6668855353345293,0.08863670354605802,2.668358095119928
234,1.0706403626111864,-0.4108039027747168,1.1467478504829
235,-1.6442760942761083,-0.8036556036555567,1.8301656218754823
236,-3.507439593047934,0.28781969761195114,3.5192289890278086
237,-4.187275670624672,1.0853541532869713,4.325652688307577
238,-3.2873314924268584,0.7271164134770061,3.366785799519931
239,-1.2179131605271323,-0.3207648515171968,1.2594453368662086
240,1.4327307595916068,-0.585150316541899,1.547616981823677
241,3.0531462368006714,-0.41543563409663875,3.0812803685103662
242,4.264578951980354,0.15568355365280695,4.267419712959088
243,3.056716342254674,0.20830364384198674,3.0638056735120527
244,1.982113080419083,-0.11667743723938884,1.985544229658251
245,-1.1393323657474639,-0.739235607160083,1.3581412012500944
246,-2.81841045561913,0.04940095051080107,2.8188433710042498
247,-3.88029053084648,0.6615674318507558,3.9362832813026123
248,-3.8033046210245516,0.6633126699403533,3.860713630717786
249,-1.5662023945640726,0.1787588933499933,1.5763707313604718
250,0.01254024547233712,-0.3496006750822289,0.3498255133269394
251,2.7466277940739587,-0.4883811964895699,2.789709739787307
252,3.8050558069095928,-0.060842671313366736,3.8055422116104505
253,4.039016884481953,0.11655927795902699,4.040698387458365
254,2.1687837062535777,-0.15207401032699863,2.1741088448207786
255,0.04796780684108626,-0.24380952380954568,0.2484833885662806
256,-2.305376126490785,-0.10565134099618945,2.307795764457494
257,-3.7959135392143253,0.38707704380743735,3.8155980180088847
258,-3.9919248658554807,0.5166522763210537,4.025219709439849
259,-2.484845622506043,0.15959487078339407,2.48996551993553
260,-0.32291819927490906,-0.07098381188438907,0.33062798576737
261,1.893708330564607,-0.26380674980248386,1.9119950947874165
262,3.615785732419397,-0.24903613438266348,3.6243517294815546
263,4.133568118628318,-0.03217948717951913,4.133693374058554
264,2.7997099179584097,-0.05299113737072503,2.8002113644070743
265,0.5783804783087589,-0.22566974894908753,0.6208468517109618
266,-1.5800748044882766,-0.06741754505270592,1.5815124132170444
267,-3.1025175502299476,0.2174776083272718,3.110130489160959
268,-4.232604120588235,0.36489289687807513,4.248303716521757
269,-3.113332965273514,0.4163915419863997,3.141054610938273
270,-0.9796610169491942,0.02033898305086268,0.9798721255150963
271,1.239456405558144,-0.25354061688807406,1.2651225338642498
272,3.2915925556375214,-0.2594365031163193,3.30180084976026
273,3.9693988505151765,-0.1904474245902179,3.973964954048318
274,3.1661420052856215,-0.11639675880957157,3.1682808276880112
275,1.7090545516726934,-0.11380287337516393,1.712839325383906
276,-0.9960574054546782,0.041713507217082224,0.9969304748303438
277,-3.0755033372914227,0.10767346562511193,3.077387585743856
278,-4.021605938213213,0.44045507742350765,4.0456538405429505
279,-3.481861953105522,0.26858260030024894,3.492205502782997
280,-1.8008874098724732,0.0515806988352665,1.8016259410681008
281,0.5877010537992646,-0.023855525877877426,0.5881850174491664
282,2.8233087834151434,-0.2280441539610365,2.8325035962315916
283,3.5707241383955193,-0.3712695237517778,3.5899738065600557
284,3.669421041754049,-0.14717252949651538,3.672371241460451
285,2.0047774774833442,-0.06822991807479184,2.005938198436077
286,0.03202328966517598,-0.029112081513858357,0.04327822051620538
287,-2.559676598153999,0.058567817981213466,2.5603465539727837
288,-3.675298194767606,0.27304806855261177,3.685426985873189
289,-3.709046766009237,0.3285730676495291,3.7235719642875447
290,-2.4042901666010152,0.27923378189979076,2.4204509311631166
291,-0.12378752612232802,-0.033606917182623874,0.1282683768744494
292,1.9573920249667367,-0.3260892661975845,1.9843683501136227
293,3.6101753248873365,-0.17118398101462162,3.6142315686437967
294,3.9878961477386383,-0.35363816937177717,4.003545383779893
295,2.803752912074458,-0.00908661780414377,2.803767636340273
296,0.3359711911958243,-0.03733314496588491,0.338039058433467
297,-1.744911707373035,-0.0054007567939606815,1.7449200654188797
298,-3.661256575801076,0.15980989956960912,3.6647426809869024
299,-3.205808534471828,0.5654237294105542,3.2552899031381135
300,-3.008395247783369,0.06626679727725104,3.0091249982855386
301,-1.0,0.0,1.0
302,1.4786327590921928,-0.025060780073033584,1.4788451166225824
303,3.155019033432609,-0.2283269010863478,3.1632701868607
304,3.569881258023088,-0.3859247967479291,3.590681014115489
305,3.0821543532028954,-0.21689240364025864,3.0897763303715706
306,1.3037297491446225,-0.034012405191447215,1.3041733406689493
307,-1.2141717931191351,0.03979013189541547,1.214823607690594
308,-3.0608552631579187,0.1927736006683176,3.0669197255742056
309,-3.4664936032246487,0.3072955785889917,3.480087423300994
310,-3.3824131624519396,0.1993836607635444,3.388284616986537
311,-1.6345139480835087,-0.008939304526450087,1.63453839283296
312,0.7544475807910658,0.03374588354500929,0.7552019179118423
313,2.842413709621667,-0.14370201286573092,2.8460439148310535
314,3.8575113203663136,-0.32066224143255795,3.870816174895782
315,3.6009026781444504,-0.12645863223337983,3.6031225184739712
316,1.9101132546722965,-0.024943300892857678,1.9102761093449883
317,-0.6122851453263252,-0.02688867277248619,0.6128752727192907
318,-2.531578909369273,0.12711270910494932,2.5347681186213693
319,-3.8349305959800404,0.28317534236634856,3.8453713670474174
320,-3.3911911849508556,0.214504898115365,3.3979685113614386
321,-1.9348986608758878,0.2166141874773757,1.946986012809488
322,0.0,0.0,0.0
323,2.0134850116675693,-0.2129034284688487,2.0247097969990024
324,3.585319489035669,-0.24031035493476338,3.5933640095525896
325,3.8884832787555297,-0.2837361241438998,3.8988214113120847
326,2.0275589638362703,-0.1863642686976732,2.0361058401959435
327,0.25404929866971315,-0.0056772400638465115,0.2541127253982288
328,-1.9404987597904437,0.13963490152087843,1.9455162149082685
329,-3.3247964591290042,0.21299849009682248,3.3316122000347357
330,-3.770477049191129,0.21539048411705153,3.776624185582307
331,-2.450778509126337,0.13182138099188023,2.454321123504852
332,-0.6705572161750979,0.009739063410563631,0.6706279367284157
333,1.670557216175098,-0.009739063410563631,1.6705856044725178
334,3.337901551947539,-0.08202687373346862,3.338909279766115
335,3.649180843613351,-0.3718296521490174,3.668075533520528
336,2.6908115935636943,-0.13845311339969157,2.694371224732564
337,1.014469625332481,-0.05347627294520407,1.0158781090713267
338,-1.3946435197077562,0.060356908411108634,1.3959489616228042
339,-3.4191326377645623,0.1469553876596592,3.422289274825998
340,-3.400521628436252,0.27026914260187596,3.4112450446875684
341,-2.989899687831155,0.18527189877363526,2.9956344603051996
342,-1.2022007478487353,0.21256626270815104,1.220848497631778
343,0.8187168338125161,0.02430628608834695,0.8190775601317618
344,3.1787897721355876,-0.1401427584182784,3.181877497354495
345,3.3056403137840107,-0.32481780908193514,3.3215605508873147
346,3.4553337385044074,-0.2186899416661845,3.4622473243592524
347,1.8394644369612934,0.022541770341547362,1.839602551165729
348,-0.7511641147644355,-0.013985353795021638,0.7512942948210175
349,-2.8916683261592198,0.10288489103152187,2.893498057596554
350,-3.545474391386108,0.26338958410110536,3.555244398489033
351,-3.482999425534956,0.11295076697922468,3.4848303938696974
352,-1.775007538067257,0.22955209522370978,1.789789352023634
353,0.13715783907400692,0.1463485761694301,0.20057462094260745
354,2.3476403919928543,-0.14911253415721148,2.3523711352503773
355,3.8033100597507996,-0.37737269068674095,3.821986075102548
356,3.499162083325473,-0.32290190074780867,3.5140291579452225
357,2.0619091160030507,-0.06537391024312456,2.062945212747289
358,0.055153915290418354,0.007302550275255726,0.05563525512105864
359,-2.471820581957104,-3.5108414806472865e-05,2.4718205822064347
360,-3.1021075581395507,0.3006540697674609,3.1166430934475415
361,-3.763152100270986,0.14777269647692037,3.7660523761092324
362,-1.9998163001764055,0.1677124824939824,2.006836493398389
363,-0.5418260029461521,-0.00523100546246269,0.5418512534697617
364,1.934593571424159,0.0024043780463216535,1.934595065544589
365,3.144105746499349,-0.19681987634112375,3.1502601493992786
366,3.616107340372025,-0.4068941679235536,3.6389277487994516
367,2.8724316073734713,-0.02892329970524088,2.8725772219914267
368,0.5364513397447581,-0.05088610657475101,0.5388593840291573
369,-1.3646194083694354,0.052561327561306825,1.36563129096164
370,-3.278476909136316,0.2964285714285779,3.291850656044286
371,-3.5680173062944505,0.1385295743504571,3.5707055242607764
372,-2.6765790928398587,0.3211195484565792,2.6957732479992447
373,-0.3426422313528974,0.223498336920386,0.40909070548311266
374,0.3426422313528974,-0.223498336920386,0.40909070548311266
375,3.2210104298546867,-0.051058057514921984,3.2214150795061895
376,3.3284001039344844,-0.4782396275924725,3.3625823994767585
377,2.977840397371324,-0.23887387844598607,2.9874059252167977
378,1.1776135026512975,-0.08592200369810143,1.180743897865305
379,-0.8285904154325294,0.038053467000850105,0.8294637682849303
380,-2.964599474332715,0.1435041179813652,2.968070665447745
381,-3.2118572925845683,0.32725089454993395,3.2284857775608065
382,-3.258124669952508,0.06824466056445999,3.258839317709405
383,-1.4569740511769282,-0.0070755867857315025,1.4569912318649254
384,0.45697405117692824,0.0070755867857315025,0.45702882554322133
385,2.3010439507704064,-0.07068816585086779,2.3021294664219996
386,3.8810889171811027,-0.1125667333554361,3.882721011420251
387,3.192551506200232,-0.21956819154542018,3.200093015910615
388,1.909699599362682,-0.19847247358728737,1.9199853860323637
389,-0.13930623601282832,0.0572098227786455,0.15059611951981317
390,-2.527229491633989,0.1287609965255001,2.530507517793778
391,-3.2358341247230555,0.23154083570750572,3.2441075261653016
392,-3.401139601139562,0.22624643874644335,3.408656339011785
393,-1.9436237180700573,2.815028364011596e-05,1.9436237182739133
394,-0.056376281929942706,-2.815028364011596e-05,0.05637628895806156
395,1.7623224153425667,-0.06556339509359077,1.763541565825727
396,3.24573913811372,-0.041306075591649005,3.246001963117702
397,3.8035287081339675,-0.12675153793577465,3.8056401020023336
398,2.1663413273842593,-0.1701823227897421,2.1730155935296707
399,0.6564481790545074,0.047399826192076944,0.6581572420835446
400,-1.8421604308729798,0.04820991727825685,1.8427911572389581
401,-3.5184590662943265,0.14281103705059195,3.5213561582850734
402,-3.4493591766931786,0.2018838618097334,3.455262048455465
403,-2.597211174020856,0.2428875579055898,2.6085437025750853
404,-0.7370810227217248,-0.02025568042404302,0.7373592927779135
405,1.558628699587473,-0.012940045656591792,1.5586824140790616
406,3.320300019481806,-0.19894798363532118,3.3262550292428634
407,3.296525061567422,-0.34293604230043684,3.314314802587525
408,2.5470361494297435,-0.19452725170810936,2.5544537572950907
409,0.9616176967240904,-0.022731878050990417,0.9618863409637699
410,-1.2324525745257233,0.08676090169990403,1.2355026517652092
411,-2.5948937037913993,0.335745717894099,2.61652412965378
412,-3.5405347696843705,0.1919355647276575,3.5457334525244963
413,-2.4602545115293992,0.1855415528713138,2.4672409548608467
414,-1.1138253421247555,-0.054654320947975066,1.1151654529968245
415,0.5955070009464407,0.02942880425786143,0.5962337148268887
416,2.802880536404132,-0.14901648256602584,2.8068390073941654
417,3.2269787307736806,-0.3549348031104955,3.2464396565044606
418,2.763059279996071,-0.24656451058393714,2.774038688023637
419,1.4701184780132053,-0.04012303485990287,1.4706659026856617
420,-0.655639097744313,0.06466165413536373,0.6588199723797831
421,-2.7246192404087424,0.032943898207008715,2.724818398652392
422,-2.921979844367911,0.2965905515159193,2.9369937293329107
423,-2.8369855335116654,0.27628833842078393,2.85040736795669
424,-1.3953332646543686,0.16624064249168669,1.4052013630320273
425,0.040285523869670214,-0.09003187589883055,0.09863398051035047
426,2.266195093068461,-0.06821305787713072,2.2672214759728524
427,3.3326880642329684,-0.1722093369734239,3.3371343678703913
428,3.1532312540095404,-0.3441092116683535,3.1719518424493134
429,1.4366496464354555,-0.12347651383549874,1.441946134941277
430,0.04960803527683311,0.048087130491580865,0.06908928486344205
431,-1.7643422972691951,0.17633677298312023,1.7731323694071015
432,-3.591341463414608,0.13231707317072505,3.593778139325443
433,-3.0719530355096936,0.11761168384879284,3.074203630300857
434,-1.8346139160572648,0.06194672070955676,1.8356594502242622
435,-0.5366451183709842,-0.015613114090228919,0.536872193732365
436,1.756665447939099,-0.035399785163861,1.757022094560203
437,3.230275201324446,-0.12148359264540431,3.2325587604208716
438,3.1233884904255547,-0.2407895677587817,3.1326562655459482
439,2.0472546131798595,-0.11022457910661387,2.0502197221335683
440,0.2757323251867092,-0.027572372592089778,0.2771074717203168
441,-1.4615442728338621,0.19396452320404478,1.4743588090133404
442,-2.878143300485135,0.16424622716715476,2.882825988724625
443,-2.4644980256146596,0.4489534628234537,2.5050568316985795
444,-2.031077139342756,0.14507467931827023,2.0362517055953697
445,-0.6635484742101312,-0.04112701413271225,0.6648217873370769
446,1.4493390958022587,0.02510738490695985,1.449556551293455
447,2.8223231693788193,-0.1073198883995019,2.8243628716683316
448,2.811001168144003,-0.40493369064796525,2.840017405074964
449,2.1686047466535,-0.1950562535928384,2.1773592926464307
450,0.9382113821138205,0.08780487804875747,0.9423111450774009
451,-1.1983936280878424,-0.00094203577953067,1.198393998346517
452,-2.6131991096012257,0.19597973745186437,2.6205376631356283
453,-2.8374966134985584,0.2741108317247267,2.8507058388554594
454,-2.4989114360827784,0.053523341366371824,2.4994845695575547
455,-1.0265249579870215,0.028714408330188235,1.026926485497384
456,0.4999164197249115,0.0011654480312017768,0.4999177782192661
457,2.6710530961859718,-0.061437350145581604,2.671759568269117
458,3.1573921849723092,-0.24128010206089812,3.166597779537959
459,2.7864600627190725,-0.09523765602904177,2.7880871385690735
460,1.1278929765886119,-0.19667038275736104,1.1449112655974023
461,-0.4304116968064591,0.025866358855978433,0.431188238787054
462,-1.4580457798815587,0.36643113580754516,1.5033859363182929
463,-2.8946093965839736,0.19391220970862832,2.90109729307142
464,-4.158983278122889,-0.21547507168850188,4.164561371168034
465,-0.43996332746240796,0.3986802894849575,0.5937286440248638
466,-0.09227542678621603,-0.18500677941915455,0.20674201996600985
467,2.267533530894241,-0.17724143370628553,2.2744500081452577
468,2.2792191428652018,-0.3700652597677845,2.3090665208456387
469,2.9670288680619024,-0.08461231296831784,2.9682350896481466
470,1.450122400054056,-0.14362591166934635,1.4572176836840083
471,-0.16148916147460568,0.009126752336442223,0.16174686050116094
472,-2.013598338525412,0.038427414330215015,2.0139649786141782
473,-3.0289355481727966,0.30627508305644824,3.0443808864013837
474,-3.2664615532764856,0.14571332274061888,3.269709995008356
475,-1.8479632781474038,0.10333591211514204,1.850850233842265
476,0.5760293407183781,0.22164649152057336,0.6172009142668446
477,1.3107237396081928,-0.169776648848881,1.3216734967709847
478,3.17113875466913,-0.18104674274349009,3.176302712970303
479,3.284471404886972,-0.2651361967182879,3.2951554761999375
480,1.6545707286384186,-0.13830280791660243,1.6603409176264627
481,0.29174804116962605,-0.014138298262992066,0.2920904158032015
482,-1.6913786531548567,0.024506614617223477,1.6915561836687347
483,-2.862310100226864,0.36789222021195656,2.885855816833752
484,-2.900068855548284,0.20544421895255027,2.9073367011789597
485,-2.2214060054350284,0.15049330435499542,2.2264978948201355
486,-0.43236142205506667,-0.01285099862673178,0.4325523638210566
487,1.4323614220550667,0.01285099862673178,1.4324190698106882
488,3.3143239807059217,-0.1267042152064164,3.316745001840422
489,2.8365567956672635,-0.18535115450464446,2.842606111567753
490,1.8762949864175766,-0.2978318490554557,1.899785958040412
491,0.8485337682349154,0.01564213182587082,0.8486779319170513
492,-1.0804357732133667,0.18972035851766123,1.096966396237932
493,-2.606852104510608,0.06343953193947982,2.607623912492767
494,-3.0038801521225196,0.10218162195496916,3.0056175824913187
495,-2.4252970838181795,0.027147466412770882,2.4254490161018842
496,-0.6283952459772877,0.18890366229794608,0.656174655710225
497,0.7636837889462527,-0.0661625601036917,0.7665444630670677
498,2.8075140780926517,-0.09201565488342567,2.8090215697698118
499,2.613728389740004,-0.3101051102290171,2.6320602718636636
500,2.245793668601891,-0.33542586015829556,2.270704672474004
501,1.2214918175476441,-0.02249134394463681,1.2216988666968154
502,-1.0147655145301542,0.025640903701173556,1.0150894076002672
503,-2.4521113865254733,0.1746185344809419,2.4583209482311603
504,-2.8694911488038315,0.30269728534057094,2.8854124661157345
505,-2.9541973590549446,0.07871747806547091,2.955245925062785
506,-1.031230593437158,-0.00892287883687004,1.0312691959946687
507,0.2794863315696148,0.03347295708414322,0.28148365563598454
508,2.5073599760006005,-0.025406207433377404,2.507488688833088
509,3.231318581999062,-0.14066119245387654,3.2343786651279682
510,2.4286773512804416,-0.4289589065154473,2.466268318756398
511,1.5349773672480183,-0.12740893558776634,1.5402560030174417
512,-0.5182947321698066,-0.01390196731188098,0.5184811414990058
513,-2.068129249140725,0.3762374250520679,2.1020735456118533
514,-3.0628953830641876,0.15584936548975747,3.066857863077367
515,-2.4369395415193935,0.25380063623777005,2.4501202199025762
516,-1.8955830271204377,0.06775187213492018,1.8967934333724557
517,0.1474413587417871,0.13653869251072592,0.20095215554992915
518,2.0618283087557074,-0.07377321455533092,2.063147707260013
519,3.0266381052215934,-0.311730955238545,3.0426492417683133
520,2.8847950945396974,-0.18166906939177352,2.8905097108043027
521,1.803989071825356,-0.1714785525770708,1.8121207093511285
522,0.024727286165330042,-0.008033788876446124,0.02599962393600015
523,-1.9551553185204966,0.13362762679906837,1.9597164749480818
524,-2.7491507402301067,0.15523657628921228,2.753530131871765
525,-3.2797696832501515,0.030100667112549218,3.2799078074432857
526,-1.876458241272644,0.2554058035056528,1.8937601895975087
527,-0.4871071140456138,-0.05252120585538478,0.48993042120116437
528,1.7850523195250503,0.01827463051296263,1.7851458611447266
529,2.507867184121608,-0.15701935691936342,2.512777923263696
530,3.5919358350507196,-0.21515917181034183,3.598374148464223
531,1.9062514111719793,-0.26921290472409964,1.9251675331422846
532,0.5898204610185189,-0.01718779925738545,0.5900708403907198
533,-1.306551592672065,0.016057348650178938,1.3066502603067063
534,-2.808189190312703,0.32107245074115554,2.8264843971290636
535,-3.3887054183466034,0.1790222258241556,3.393430914232771
536,-2.2954473782288574,0.04708867291645902,2.2959303145641785
537,-0.832872063523439,0.014788090452839242,0.8330033384189002
538,1.0066334991708459,0.0,1.0066334991708459
539,2.995574112289546,-0.13779441484967947,2.9987416632619537
540,2.937395784433022,-0.32534774978506675,2.9553587181076844
541,2.574703810589142,-0.1974073830360794,2.582260518836045
542,1.0088742039022236,-0.006181377929692644,1.008893140393201
543,-0.8715674920247807,0.04847931218165513,0.8729147363081761
544,-2.7795798578930544,0.21028344145815936,2.787522791324989
545,-2.6338891800987767,0.31809668894419474,2.6530280278501897
546,-2.479184761463557,0.11493103914165204,2.481847341242264
547,-0.7966865809340788,0.2712356971680947,0.8415927231497994
548,-0.20331341906592115,-0.2712356971680947,0.3389766213037962
549,2.8536813071696656,0.24563651307835244,2.8642336321338844
550,3.2034625558610514,-0.2967986436621004,3.2171822736182487
551,2.757653528092419,-0.228280068267793,2.7670859709392683
552,1.2140730963903366,-0.029857667748729,1.2144401853126456
553,-0.21407309639033656,0.029857667748729,0.2161452542193324
554,-2.080674977484989,0.16084632886190775,2.086882819767443
555,-2.777214359595291,0.3094732039994028,2.794403919109752
556,-2.4508553464549436,0.258306476365874,2.464429784956215
557,-1.9585337496015995,-0.06781787762906788,1.9597075579929297
558,0.16685194243109436,0.049810771685940836,0.17412835400639998
559,2.2392403393853897,-0.04734812405052935,2.2397408650069095
560,2.765530083989688,-0.3098870180683093,2.782837869768787
561,2.717905278663011,-0.2705221007238947,2.731335078448693
562,1.6424887099799435,-0.11996277539708444,1.646863755716468
563,0.04766106188714048,-0.0026762200258190205,0.04773613907550996
564,-2.2382192180006086,0.043288569584376546,2.238637792963372
565,-2.8740328248755986,0.08370495727280058,2.8752515017532736
566,-2.922386638341493,0.21792868247337083,2.930501079099182
567,-1.494577200881963,0.1010133012457004,1.497986881259218
568,-0.3526646934187738,0.06756918498388131,0.3590793515973088
569,1.333928711320027,-0.2800470035252829,1.3630084853247972
570,3.011371767427022,-0.08918776604906498,3.0126922144934367
571,2.7616015846066375,-0.1541595925297088,2.7659010271647135
572,1.5877546147639237,-0.28645622355054456,1.6133883242155236
573,0.588071298728039,0.005909993478724118,0.588100995077037
574,-1.7048837731949789,-0.01663758969260698,1.704964952570676
575,-2.26610343061958,0.2987967229902324,2.2857174453408566
576,-3.1229048201094542,0.13429611521496554,3.125791093791249
577,-2.078841818553542,0.15043560611275097,2.0842778553142836
578,-0.6319230516381253,0.02690748215036365,0.6324956567339518
579,1.1719281550865048,-0.011711070006469981,1.171986667946848
580,2.6113243592566846,-0.17222180408862187,2.616997374674051
581,2.776468625529219,-0.1929302302949054,2.7831636858635815
582,2.280235364924465,-0.12732019489959612,2.2837871510894967
583,0.5252293472194651,-0.06924464164637811,0.5297741854576541
584,-0.8042663746795142,0.20421685196038197,0.8297884815208857
585,-2.4180668585875082,0.16411310413553792,2.423629601145411
586,-2.795353633803927,0.10812068048909396,2.7974438367141965
587,-2.1167448245217315,0.19778036981489322,2.1259646579432245
588,-1.00870374007161,0.016101873672596412,1.008832248478518
589,0.7855448942123076,-0.02378402401348012,0.7859048674116348
590,2.1423840531560927,-0.12926334440754772,2.1462801409473444
591,2.948605450733794,-0.19751949685536374,2.955213707286672
592,2.5111637570390712,-0.23021782252681078,2.521694600953012
593,1.1830529817215734,-0.01832100167820272,1.1831948346163443
594,-0.8831557194845345,0.14423649215183332,0.8948565195194769
